 	Total Wages - BEA	Gross Domestic Product: Implic	Gross Domestic Product	Personal Consumption Expenditu	Gross Private Domestic Investm	Nonfarm Business Sector: Hours	lpc_bsn	lpc_nfm	lpc_nfc	Employed full time: Median usu	User Cost: Basu-House+HP trend	dTFP_adj	dTFP_noadj	dLabor_Prod	CRSP Stock Return	Gross Domestic Product: Resear	Baron & Schmidt, Baseline coun	
192601	 NaN     	 NaN     	 NaN     	 NaN     	 NaN     	 NaN     	 NaN     	 NaN     	 NaN     	 NaN     	 NaN     	 NaN     	 NaN     	 NaN     	-0.09442	 NaN     	 NaN     	 
192602	 NaN     	 NaN     	 NaN     	 NaN     	 NaN     	 NaN     	 NaN     	 NaN     	 NaN     	 NaN     	 NaN     	 NaN     	 NaN     	 NaN     	0.10589	 NaN     	 NaN     	 
192603	 NaN     	 NaN     	 NaN     	 NaN     	 NaN     	 NaN     	 NaN     	 NaN     	 NaN     	 NaN     	 NaN     	 NaN     	 NaN     	 NaN     	0.06710	 NaN     	 NaN     	 
192604	 NaN     	 NaN     	 NaN     	 NaN     	 NaN     	 NaN     	 NaN     	 NaN     	 NaN     	 NaN     	 NaN     	 NaN     	 NaN     	 NaN     	0.02790	 NaN     	 NaN     	 
192701	 NaN     	 NaN     	 NaN     	 NaN     	 NaN     	 NaN     	 NaN     	 NaN     	 NaN     	 NaN     	 NaN     	 NaN     	 NaN     	 NaN     	0.05183	 NaN     	 NaN     	 
192702	 NaN     	 NaN     	 NaN     	 NaN     	 NaN     	 NaN     	 NaN     	 NaN     	 NaN     	 NaN     	 NaN     	 NaN     	 NaN     	 NaN     	0.04295	 NaN     	 NaN     	 
192703	 NaN     	 NaN     	 NaN     	 NaN     	 NaN     	 NaN     	 NaN     	 NaN     	 NaN     	 NaN     	 NaN     	 NaN     	 NaN     	 NaN     	0.15435	 NaN     	 NaN     	 
192704	 NaN     	 NaN     	 NaN     	 NaN     	 NaN     	 NaN     	 NaN     	 NaN     	 NaN     	 NaN     	 NaN     	 NaN     	 NaN     	 NaN     	0.04927	 NaN     	 NaN     	 
192801	 NaN     	 NaN     	 NaN     	 NaN     	 NaN     	 NaN     	 NaN     	 NaN     	 NaN     	 NaN     	 NaN     	 NaN     	 NaN     	 NaN     	0.07110	 NaN     	 NaN     	 
192802	 NaN     	 NaN     	 NaN     	 NaN     	 NaN     	 NaN     	 NaN     	 NaN     	 NaN     	 NaN     	 NaN     	 NaN     	 NaN     	 NaN     	0.01425	 NaN     	 NaN     	 
192803	 NaN     	 NaN     	 NaN     	 NaN     	 NaN     	 NaN     	 NaN     	 NaN     	 NaN     	 NaN     	 NaN     	 NaN     	 NaN     	 NaN     	0.11429	 NaN     	 NaN     	 
192804	 NaN     	 NaN     	 NaN     	 NaN     	 NaN     	 NaN     	 NaN     	 NaN     	 NaN     	 NaN     	 NaN     	 NaN     	 NaN     	 NaN     	0.14942	 NaN     	 NaN     	 
192901	 NaN     	 NaN     	 NaN     	 NaN     	 NaN     	 NaN     	 NaN     	 NaN     	 NaN     	 NaN     	 NaN     	 NaN     	 NaN     	 NaN     	0.04524	 NaN     	 NaN     	 
192902	 NaN     	 NaN     	 NaN     	 NaN     	 NaN     	 NaN     	 NaN     	 NaN     	 NaN     	 NaN     	 NaN     	 NaN     	 NaN     	 NaN     	0.05335	 NaN     	 NaN     	 
192903	 NaN     	 NaN     	 NaN     	 NaN     	 NaN     	 NaN     	 NaN     	 NaN     	 NaN     	 NaN     	 NaN     	 NaN     	 NaN     	 NaN     	0.07795	 NaN     	 NaN     	 
192904	 NaN     	 NaN     	 NaN     	 NaN     	 NaN     	 NaN     	 NaN     	 NaN     	 NaN     	 NaN     	 NaN     	 NaN     	 NaN     	 NaN     	-0.28461	 NaN     	 NaN     	 
193001	 NaN     	 NaN     	 NaN     	 NaN     	 NaN     	 NaN     	 NaN     	 NaN     	 NaN     	 NaN     	 NaN     	 NaN     	 NaN     	 NaN     	0.16952	 NaN     	 NaN     	 
193002	 NaN     	 NaN     	 NaN     	 NaN     	 NaN     	 NaN     	 NaN     	 NaN     	 NaN     	 NaN     	 NaN     	 NaN     	 NaN     	 NaN     	-0.18876	 NaN     	 NaN     	 
193003	 NaN     	 NaN     	 NaN     	 NaN     	 NaN     	 NaN     	 NaN     	 NaN     	 NaN     	 NaN     	 NaN     	 NaN     	 NaN     	 NaN     	-0.08474	 NaN     	 NaN     	 
193004	 NaN     	 NaN     	 NaN     	 NaN     	 NaN     	 NaN     	 NaN     	 NaN     	 NaN     	 NaN     	 NaN     	 NaN     	 NaN     	 NaN     	-0.18122	 NaN     	 NaN     	 
193101	 NaN     	 NaN     	 NaN     	 NaN     	 NaN     	 NaN     	 NaN     	 NaN     	 NaN     	 NaN     	 NaN     	 NaN     	 NaN     	 NaN     	0.10627	 NaN     	 NaN     	 
193102	 NaN     	 NaN     	 NaN     	 NaN     	 NaN     	 NaN     	 NaN     	 NaN     	 NaN     	 NaN     	 NaN     	 NaN     	 NaN     	 NaN     	-0.11127	 NaN     	 NaN     	 
193103	 NaN     	 NaN     	 NaN     	 NaN     	 NaN     	 NaN     	 NaN     	 NaN     	 NaN     	 NaN     	 NaN     	 NaN     	 NaN     	 NaN     	-0.33675	 NaN     	 NaN     	 
193104	 NaN     	 NaN     	 NaN     	 NaN     	 NaN     	 NaN     	 NaN     	 NaN     	 NaN     	 NaN     	 NaN     	 NaN     	 NaN     	 NaN     	-0.14717	 NaN     	 NaN     	 
193201	 NaN     	 NaN     	 NaN     	 NaN     	 NaN     	 NaN     	 NaN     	 NaN     	 NaN     	 NaN     	 NaN     	 NaN     	 NaN     	 NaN     	-0.06922	 NaN     	 NaN     	 
193202	 NaN     	 NaN     	 NaN     	 NaN     	 NaN     	 NaN     	 NaN     	 NaN     	 NaN     	 NaN     	 NaN     	 NaN     	 NaN     	 NaN     	-0.35141	 NaN     	 NaN     	 
193203	 NaN     	 NaN     	 NaN     	 NaN     	 NaN     	 NaN     	 NaN     	 NaN     	 NaN     	 NaN     	 NaN     	 NaN     	 NaN     	 NaN     	0.78587	 NaN     	 NaN     	 
193204	 NaN     	 NaN     	 NaN     	 NaN     	 NaN     	 NaN     	 NaN     	 NaN     	 NaN     	 NaN     	 NaN     	 NaN     	 NaN     	 NaN     	-0.14614	 NaN     	 NaN     	 
193301	 NaN     	 NaN     	 NaN     	 NaN     	 NaN     	 NaN     	 NaN     	 NaN     	 NaN     	 NaN     	 NaN     	 NaN     	 NaN     	 NaN     	-0.11658	 NaN     	 NaN     	 
193302	 NaN     	 NaN     	 NaN     	 NaN     	 NaN     	 NaN     	 NaN     	 NaN     	 NaN     	 NaN     	 NaN     	 NaN     	 NaN     	 NaN     	0.91704	 NaN     	 NaN     	 
193303	 NaN     	 NaN     	 NaN     	 NaN     	 NaN     	 NaN     	 NaN     	 NaN     	 NaN     	 NaN     	 NaN     	 NaN     	 NaN     	 NaN     	-0.09398	 NaN     	 NaN     	 
193304	 NaN     	 NaN     	 NaN     	 NaN     	 NaN     	 NaN     	 NaN     	 NaN     	 NaN     	 NaN     	 NaN     	 NaN     	 NaN     	 NaN     	0.02591	 NaN     	 NaN     	 
193401	 NaN     	 NaN     	 NaN     	 NaN     	 NaN     	 NaN     	 NaN     	 NaN     	 NaN     	 NaN     	 NaN     	 NaN     	 NaN     	 NaN     	0.10428	 NaN     	 NaN     	 
193402	 NaN     	 NaN     	 NaN     	 NaN     	 NaN     	 NaN     	 NaN     	 NaN     	 NaN     	 NaN     	 NaN     	 NaN     	 NaN     	 NaN     	-0.06621	 NaN     	 NaN     	 
193403	 NaN     	 NaN     	 NaN     	 NaN     	 NaN     	 NaN     	 NaN     	 NaN     	 NaN     	 NaN     	 NaN     	 NaN     	 NaN     	 NaN     	-0.06078	 NaN     	 NaN     	 
193404	 NaN     	 NaN     	 NaN     	 NaN     	 NaN     	 NaN     	 NaN     	 NaN     	 NaN     	 NaN     	 NaN     	 NaN     	 NaN     	 NaN     	0.06542	 NaN     	 NaN     	 
193501	 NaN     	 NaN     	 NaN     	 NaN     	 NaN     	 NaN     	 NaN     	 NaN     	 NaN     	 NaN     	 NaN     	 NaN     	 NaN     	 NaN     	-0.08636	 NaN     	 NaN     	 
193502	 NaN     	 NaN     	 NaN     	 NaN     	 NaN     	 NaN     	 NaN     	 NaN     	 NaN     	 NaN     	 NaN     	 NaN     	 NaN     	 NaN     	0.19334	 NaN     	 NaN     	 
193503	 NaN     	 NaN     	 NaN     	 NaN     	 NaN     	 NaN     	 NaN     	 NaN     	 NaN     	 NaN     	 NaN     	 NaN     	 NaN     	 NaN     	0.13168	 NaN     	 NaN     	 
193504	 NaN     	 NaN     	 NaN     	 NaN     	 NaN     	 NaN     	 NaN     	 NaN     	 NaN     	 NaN     	 NaN     	 NaN     	 NaN     	 NaN     	0.17882	 NaN     	 NaN     	 
193601	 NaN     	 NaN     	 NaN     	 NaN     	 NaN     	 NaN     	 NaN     	 NaN     	 NaN     	 NaN     	 NaN     	 NaN     	 NaN     	 NaN     	0.10578	 NaN     	 NaN     	 
193602	 NaN     	 NaN     	 NaN     	 NaN     	 NaN     	 NaN     	 NaN     	 NaN     	 NaN     	 NaN     	 NaN     	 NaN     	 NaN     	 NaN     	-0.00984	 NaN     	 NaN     	 
193603	 NaN     	 NaN     	 NaN     	 NaN     	 NaN     	 NaN     	 NaN     	 NaN     	 NaN     	 NaN     	 NaN     	 NaN     	 NaN     	 NaN     	0.09045	 NaN     	 NaN     	 
193604	 NaN     	 NaN     	 NaN     	 NaN     	 NaN     	 NaN     	 NaN     	 NaN     	 NaN     	 NaN     	 NaN     	 NaN     	 NaN     	 NaN     	0.10823	 NaN     	 NaN     	 
193701	 NaN     	 NaN     	 NaN     	 NaN     	 NaN     	 NaN     	 NaN     	 NaN     	 NaN     	 NaN     	 NaN     	 NaN     	 NaN     	 NaN     	0.04395	 NaN     	 NaN     	 
193702	 NaN     	 NaN     	 NaN     	 NaN     	 NaN     	 NaN     	 NaN     	 NaN     	 NaN     	 NaN     	 NaN     	 NaN     	 NaN     	 NaN     	-0.12027	 NaN     	 NaN     	 
193703	 NaN     	 NaN     	 NaN     	 NaN     	 NaN     	 NaN     	 NaN     	 NaN     	 NaN     	 NaN     	 NaN     	 NaN     	 NaN     	 NaN     	-0.10466	 NaN     	 NaN     	 
193704	 NaN     	 NaN     	 NaN     	 NaN     	 NaN     	 NaN     	 NaN     	 NaN     	 NaN     	 NaN     	 NaN     	 NaN     	 NaN     	 NaN     	-0.20470	 NaN     	 NaN     	 
193801	 NaN     	 NaN     	 NaN     	 NaN     	 NaN     	 NaN     	 NaN     	 NaN     	 NaN     	 NaN     	 NaN     	 NaN     	 NaN     	 NaN     	-0.18877	 NaN     	 NaN     	 
193802	 NaN     	 NaN     	 NaN     	 NaN     	 NaN     	 NaN     	 NaN     	 NaN     	 NaN     	 NaN     	 NaN     	 NaN     	 NaN     	 NaN     	0.36320	 NaN     	 NaN     	 
193803	 NaN     	 NaN     	 NaN     	 NaN     	 NaN     	 NaN     	 NaN     	 NaN     	 NaN     	 NaN     	 NaN     	 NaN     	 NaN     	 NaN     	0.05230	 NaN     	 NaN     	 
193804	 NaN     	 NaN     	 NaN     	 NaN     	 NaN     	 NaN     	 NaN     	 NaN     	 NaN     	 NaN     	 NaN     	 NaN     	 NaN     	 NaN     	0.10369	 NaN     	 NaN     	 
193901	 NaN     	 NaN     	 NaN     	 NaN     	 NaN     	 NaN     	 NaN     	 NaN     	 NaN     	 NaN     	 NaN     	 NaN     	 NaN     	 NaN     	-0.14469	 NaN     	 NaN     	 
193902	 NaN     	 NaN     	 NaN     	 NaN     	 NaN     	 NaN     	 NaN     	 NaN     	 NaN     	 NaN     	 NaN     	 NaN     	 NaN     	 NaN     	0.00969	 NaN     	 NaN     	 
193903	 NaN     	 NaN     	 NaN     	 NaN     	 NaN     	 NaN     	 NaN     	 NaN     	 NaN     	 NaN     	 NaN     	 NaN     	 NaN     	 NaN     	0.19446	 NaN     	 NaN     	 
193904	 NaN     	 NaN     	 NaN     	 NaN     	 NaN     	 NaN     	 NaN     	 NaN     	 NaN     	 NaN     	 NaN     	 NaN     	 NaN     	 NaN     	-0.01270	 NaN     	 NaN     	 
194001	 NaN     	 NaN     	 NaN     	 NaN     	 NaN     	 NaN     	 NaN     	 NaN     	 NaN     	 NaN     	 NaN     	 NaN     	 NaN     	 NaN     	0.00864	 NaN     	 NaN     	 
194002	 NaN     	 NaN     	 NaN     	 NaN     	 NaN     	 NaN     	 NaN     	 NaN     	 NaN     	 NaN     	 NaN     	 NaN     	 NaN     	 NaN     	-0.16834	 NaN     	 NaN     	 
194003	 NaN     	 NaN     	 NaN     	 NaN     	 NaN     	 NaN     	 NaN     	 NaN     	 NaN     	 NaN     	 NaN     	 NaN     	 NaN     	 NaN     	0.08143	 NaN     	 NaN     	 
194004	 NaN     	 NaN     	 NaN     	 NaN     	 NaN     	 NaN     	 NaN     	 NaN     	 NaN     	 NaN     	 NaN     	 NaN     	 NaN     	 NaN     	0.01956	 NaN     	 NaN     	 
194101	 NaN     	 NaN     	 NaN     	 NaN     	 NaN     	 NaN     	 NaN     	 NaN     	 NaN     	 NaN     	 NaN     	 NaN     	 NaN     	 NaN     	-0.04546	 NaN     	 NaN     	 
194102	 NaN     	 NaN     	 NaN     	 NaN     	 NaN     	 NaN     	 NaN     	 NaN     	 NaN     	 NaN     	 NaN     	 NaN     	 NaN     	 NaN     	0.01448	 NaN     	 NaN     	 
194103	 NaN     	 NaN     	 NaN     	 NaN     	 NaN     	 NaN     	 NaN     	 NaN     	 NaN     	 NaN     	 NaN     	 NaN     	 NaN     	 NaN     	0.05026	 NaN     	 NaN     	 
194104	 NaN     	 NaN     	 NaN     	 NaN     	 NaN     	 NaN     	 NaN     	 NaN     	 NaN     	 NaN     	 NaN     	 NaN     	 NaN     	 NaN     	-0.11545	 NaN     	 NaN     	 
194201	 NaN     	 NaN     	 NaN     	 NaN     	 NaN     	 NaN     	 NaN     	 NaN     	 NaN     	 NaN     	 NaN     	 NaN     	 NaN     	 NaN     	-0.07906	 NaN     	 NaN     	 
194202	 NaN     	 NaN     	 NaN     	 NaN     	 NaN     	 NaN     	 NaN     	 NaN     	 NaN     	 NaN     	 NaN     	 NaN     	 NaN     	 NaN     	0.04010	 NaN     	 NaN     	 
194203	 NaN     	 NaN     	 NaN     	 NaN     	 NaN     	 NaN     	 NaN     	 NaN     	 NaN     	 NaN     	 NaN     	 NaN     	 NaN     	 NaN     	0.08293	 NaN     	 NaN     	 
194204	 NaN     	 NaN     	 NaN     	 NaN     	 NaN     	 NaN     	 NaN     	 NaN     	 NaN     	 NaN     	 NaN     	 NaN     	 NaN     	 NaN     	0.12524	 NaN     	 NaN     	 
194301	 NaN     	 NaN     	 NaN     	 NaN     	 NaN     	 NaN     	 NaN     	 NaN     	 NaN     	 NaN     	 NaN     	 NaN     	 NaN     	 NaN     	0.20864	 NaN     	 NaN     	 
194302	 NaN     	 NaN     	 NaN     	 NaN     	 NaN     	 NaN     	 NaN     	 NaN     	 NaN     	 NaN     	 NaN     	 NaN     	 NaN     	 NaN     	0.08337	 NaN     	 NaN     	 
194303	 NaN     	 NaN     	 NaN     	 NaN     	 NaN     	 NaN     	 NaN     	 NaN     	 NaN     	 NaN     	 NaN     	 NaN     	 NaN     	 NaN     	-0.01171	 NaN     	 NaN     	 
194304	 NaN     	 NaN     	 NaN     	 NaN     	 NaN     	 NaN     	 NaN     	 NaN     	 NaN     	 NaN     	 NaN     	 NaN     	 NaN     	 NaN     	-0.01111	 NaN     	 NaN     	 
194401	 NaN     	 NaN     	 NaN     	 NaN     	 NaN     	 NaN     	 NaN     	 NaN     	 NaN     	 NaN     	 NaN     	 NaN     	 NaN     	 NaN     	0.04685	 NaN     	 NaN     	 
194402	 NaN     	 NaN     	 NaN     	 NaN     	 NaN     	 NaN     	 NaN     	 NaN     	 NaN     	 NaN     	 NaN     	 NaN     	 NaN     	 NaN     	0.09234	 NaN     	 NaN     	 
194403	 NaN     	 NaN     	 NaN     	 NaN     	 NaN     	 NaN     	 NaN     	 NaN     	 NaN     	 NaN     	 NaN     	 NaN     	 NaN     	 NaN     	0.00062	 NaN     	 NaN     	 
194404	 NaN     	 NaN     	 NaN     	 NaN     	 NaN     	 NaN     	 NaN     	 NaN     	 NaN     	 NaN     	 NaN     	 NaN     	 NaN     	 NaN     	0.06066	 NaN     	 NaN     	 
194501	 NaN     	 NaN     	 NaN     	 NaN     	 NaN     	 NaN     	 NaN     	 NaN     	 NaN     	 NaN     	 NaN     	 NaN     	 NaN     	 NaN     	0.04345	 NaN     	 NaN     	 
194502	 NaN     	 NaN     	 NaN     	 NaN     	 NaN     	 NaN     	 NaN     	 NaN     	 NaN     	 NaN     	 NaN     	 NaN     	 NaN     	 NaN     	0.10297	 NaN     	 NaN     	 
194503	 NaN     	 NaN     	 NaN     	 NaN     	 NaN     	 NaN     	 NaN     	 NaN     	 NaN     	 NaN     	 NaN     	 NaN     	 NaN     	 NaN     	0.08855	 NaN     	 NaN     	 
194504	 NaN     	 NaN     	 NaN     	 NaN     	 NaN     	 NaN     	 NaN     	 NaN     	 NaN     	 NaN     	 NaN     	 NaN     	 NaN     	 NaN     	0.10998	 NaN     	 NaN     	 
194601	 NaN     	 NaN     	 NaN     	 NaN     	 NaN     	 NaN     	 NaN     	 NaN     	 NaN     	 NaN     	 NaN     	 NaN     	 NaN     	 NaN     	0.05948	 NaN     	 NaN     	 
194602	 NaN     	 NaN     	 NaN     	 NaN     	 NaN     	 NaN     	 NaN     	 NaN     	 NaN     	 NaN     	 NaN     	 NaN     	 NaN     	 NaN     	0.04226	 NaN     	 NaN     	 
194603	 NaN     	 NaN     	 NaN     	 NaN     	 NaN     	 NaN     	 NaN     	 NaN     	 NaN     	 NaN     	 NaN     	 NaN     	 NaN     	 NaN     	-0.18202	 NaN     	 NaN     	 
194604	 NaN     	 NaN     	 NaN     	 NaN     	 NaN     	 NaN     	 NaN     	 NaN     	 NaN     	 NaN     	 NaN     	 NaN     	 NaN     	 NaN     	0.03601	 NaN     	 NaN     	 
194701	118864.00000	11.95200	243.16400	135.43900	56.57600	46.33100	3.46400	3.70800	4.23600	 NaN     	 NaN     	 NaN     	 NaN     	 NaN     	-0.01497	2.36200	 NaN     	 
194702	121260.00000	12.12200	245.96800	138.68000	55.85600	46.34300	3.56500	3.79200	4.32300	 NaN     	 NaN     	0.00000	0.00000	0.00000	-0.00666	2.39300	 NaN     	 
194703	123988.00000	12.32600	249.58500	141.77300	56.68100	46.46500	3.61800	3.90500	4.43600	 NaN     	 NaN     	-1.40685	-0.17528	1.99701	0.01850	2.45600	 NaN     	 
194704	128267.00000	12.63000	259.74500	144.18400	66.73800	46.91500	3.75100	3.99800	4.54900	 NaN     	 NaN     	1.57685	-3.76982	-3.17249	0.03650	2.54900	 NaN     	 
194801	131665.00000	12.73100	265.74200	146.82500	70.74900	47.21300	3.80200	4.09200	4.70400	 NaN     	 NaN     	-1.66513	3.49477	3.84290	-0.00364	2.65200	 NaN     	 
194802	133378.00000	12.84500	272.56700	150.12300	74.35500	47.19300	3.84500	4.14700	4.76600	 NaN     	 NaN     	12.24122	9.86472	12.05021	0.11497	2.73300	 NaN     	 
194803	138057.00000	13.08300	279.19600	151.79500	77.79300	47.52600	3.95000	4.23200	4.88100	 NaN     	 NaN     	8.59950	7.98762	9.54664	-0.07513	2.77900	 NaN     	 
194804	139101.00000	13.12300	280.36600	152.95700	76.30500	47.08500	4.03200	4.27400	4.95800	 NaN     	 NaN     	1.35885	-3.51158	-3.08602	-0.00596	2.76900	 NaN     	 
194901	136742.00000	13.05300	275.03400	152.39500	67.57600	46.28800	3.95300	4.30000	4.98800	 NaN     	 NaN     	2.84664	0.69158	3.12241	0.01460	2.69600	 NaN     	 
194902	135005.00000	12.92300	271.35100	152.05800	62.63000	45.51700	3.91500	4.31000	4.97800	 NaN     	 NaN     	-1.87738	-5.95790	-2.62125	-0.04387	2.66600	 NaN     	 
194903	133983.00000	12.86300	272.88900	150.49200	66.86200	45.03600	3.96900	4.32000	4.98700	 NaN     	 NaN     	6.20970	-0.70682	1.71040	0.11961	2.68800	 NaN     	 
194904	133202.00000	12.86400	270.62700	151.89300	65.82400	44.85200	4.00600	4.30600	4.97700	 NaN     	 NaN     	3.55381	7.02497	10.30486	0.10585	2.74600	 NaN     	 
195001	136870.00000	12.84500	280.82800	153.58500	76.08400	45.20200	4.14600	4.41700	5.10500	 NaN     	 NaN     	0.15429	-3.50186	-0.51552	0.04643	2.88700	 NaN     	 
195002	143042.00000	12.88800	290.38300	157.00700	82.09000	46.32400	4.19500	4.51200	5.19400	 NaN     	 NaN     	8.22674	16.96638	17.82517	0.02360	3.02200	 NaN     	 
195003	151025.00000	13.16800	308.15300	163.15000	95.99600	47.78600	4.26900	4.60000	5.29800	 NaN     	 NaN     	-0.49710	8.62722	7.02080	0.12019	3.14700	 NaN     	 
195004	158074.00000	13.41500	319.94500	164.65400	101.73300	48.22700	4.34600	4.71500	5.45300	 NaN     	 NaN     	0.01197	8.21514	6.23502	0.08740	3.24700	 NaN     	 
195101	165333.00000	13.90000	336.00000	173.56900	100.22000	49.04000	4.49700	4.82800	5.59900	 NaN     	 NaN     	0.74444	1.11821	1.89469	0.05098	3.30100	 NaN     	 
195102	170993.00000	13.99200	344.09000	174.20800	98.11800	49.43500	4.62800	4.93500	5.71800	 NaN     	 NaN     	-2.92821	-2.43428	-2.14048	0.00026	3.39900	 NaN     	 
195103	173494.00000	14.00000	351.38500	177.42300	92.17400	48.94800	4.69500	4.99100	5.79800	 NaN     	 NaN     	-1.81681	1.10386	1.82753	0.13001	3.52200	 NaN     	 
195104	176605.00000	14.16000	356.17800	181.19900	87.47500	48.97100	4.75600	5.08600	5.88200	 NaN     	 NaN     	11.05768	7.37393	10.49922	0.01811	3.69900	 NaN     	 
195201	181006.00000	14.15300	359.82000	182.19300	88.90800	49.28500	4.79100	5.14000	5.97100	 NaN     	 NaN     	-1.09375	-0.44133	0.46115	0.03691	3.93900	 NaN     	 
195202	182120.00000	14.17000	361.03000	186.08100	84.01100	49.07900	4.88400	5.17800	6.02500	 NaN     	 NaN     	-4.91760	0.34220	0.88372	0.02095	4.13400	 NaN     	 
195203	185952.00000	14.32900	367.70100	190.08600	86.68700	49.43400	4.96600	5.24200	6.08100	 NaN     	 NaN     	7.75412	1.66800	4.25210	-0.01464	4.36100	 NaN     	 
195204	193466.00000	14.36800	380.81200	193.94700	94.46000	50.76000	5.07900	5.37300	6.24300	 NaN     	 NaN     	-3.16187	0.65543	1.45866	0.08646	4.61900	 NaN     	 
195301	197069.00000	14.37100	387.98000	196.03300	96.84900	51.28700	5.16800	5.43400	6.30600	 NaN     	 NaN     	0.12703	7.63733	5.85673	-0.01628	4.82600	 NaN     	 
195302	200027.00000	14.40000	391.74900	197.94200	97.13400	51.37700	5.21800	5.49900	6.39000	 NaN     	 NaN     	9.09675	5.25591	6.19152	-0.03701	5.02000	 NaN     	 
195303	200146.00000	14.46000	391.17100	199.08900	96.01200	50.86700	5.29600	5.55700	6.45400	 NaN     	 NaN     	4.54300	1.25660	3.06896	-0.01710	5.18400	 NaN     	 
195304	198715.00000	14.48700	385.97000	199.42900	90.12900	50.06200	5.29400	5.61300	6.51900	 NaN     	 NaN     	5.20414	-3.06251	-0.35816	0.07811	5.32000	 NaN     	 
195401	196401.00000	14.53300	385.34500	202.24300	88.62700	49.38800	5.32800	5.66100	6.57700	 NaN     	 NaN     	2.19592	-5.84712	-2.17039	0.11124	5.44700	 NaN     	 
195402	195957.00000	14.54600	386.12100	204.23900	89.09500	49.01400	5.40700	5.66800	6.60900	 NaN     	 NaN     	5.28162	-0.47607	1.76169	0.08868	5.54300	 NaN     	 
195403	196334.00000	14.56500	390.99600	207.07000	92.20400	48.82400	5.42000	5.71300	6.64400	 NaN     	 NaN     	3.17058	2.75147	5.66948	0.09311	5.61400	 NaN     	 
195404	200360.00000	14.60500	399.73400	210.02900	97.20300	49.43200	5.49800	5.76900	6.74300	 NaN     	 NaN     	3.84867	4.25853	5.70404	0.13740	5.71400	 NaN     	 
195501	204056.00000	14.67300	413.07300	212.96100	107.13900	50.23100	5.47000	5.80800	6.76500	 NaN     	 NaN     	1.93437	6.08712	6.10354	0.03737	5.75100	 NaN     	 
195502	209851.00000	14.73400	421.53200	215.75600	113.39700	50.88800	5.53700	5.85600	6.82500	 NaN     	 NaN     	-1.58326	7.41446	5.82791	0.11384	6.01500	 NaN     	 
195503	215246.00000	14.83700	430.22100	218.23000	117.16800	51.41700	5.56800	5.96000	6.90800	 NaN     	 NaN     	1.34138	4.98368	4.58784	0.02247	6.38600	 NaN     	 
195504	219451.00000	14.98400	437.09200	223.22500	120.29500	52.03800	5.61700	6.01400	7.01500	 NaN     	 NaN     	1.54794	0.20928	-0.60556	0.06154	6.93600	 NaN     	 
195601	223282.00000	15.13400	439.74600	226.48100	117.97700	52.35400	5.76400	6.10800	7.12000	 NaN     	 NaN     	-5.68242	-2.02423	-2.20624	0.07954	7.63100	 NaN     	 
195602	227501.00000	15.22400	446.01000	229.01400	116.83900	52.46900	5.87900	6.22500	7.25900	 NaN     	 NaN     	2.11464	-1.92273	-0.20589	-0.00888	8.23800	 NaN     	 
195603	229953.00000	15.41500	451.19100	232.39000	117.95200	52.25900	5.93900	6.32100	7.37400	 NaN     	 NaN     	6.44900	1.85268	2.79483	-0.03108	8.71200	 NaN     	 
195604	235367.00000	15.47700	460.46300	235.94800	118.64200	52.54600	6.07500	6.42800	7.51600	 NaN     	 NaN     	-2.14504	-1.42832	0.42575	0.04738	9.08900	 NaN     	 
195701	238266.00000	15.68900	469.77900	239.29300	120.32500	52.59600	6.19700	6.51900	7.61000	 NaN     	 NaN     	2.90939	6.80987	8.53273	-0.02732	9.28200	 NaN     	 
195702	239617.00000	15.79900	472.02500	242.00700	120.07700	52.48400	6.25900	6.58500	7.69500	 NaN     	 NaN     	3.83275	0.17371	1.65779	0.07804	9.49400	 NaN     	 
195703	241829.00000	15.89300	479.49000	246.87400	121.21500	52.23000	6.31500	6.67300	7.79600	 NaN     	 NaN     	5.90817	-1.67212	0.41363	-0.09675	9.72100	 NaN     	 
195704	240092.00000	15.90400	474.86400	248.90200	112.51200	51.14500	6.42800	6.76400	7.90400	 NaN     	 NaN     	4.34243	1.22385	2.69407	-0.05344	9.91800	 NaN     	 
195801	236724.00000	16.07600	467.54000	250.49200	106.12600	49.99000	6.47000	6.76600	7.96400	 NaN     	 NaN     	8.82950	-0.46582	3.91181	0.06950	10.09600	 NaN     	 
195802	236276.00000	16.12300	471.97800	254.18300	103.70100	49.26000	6.49100	6.82700	8.01400	 NaN     	 NaN     	1.34279	-6.45036	-1.86118	0.08732	10.25400	 NaN     	 
195803	243837.00000	16.22100	485.84100	258.49700	111.39500	49.85400	6.66700	6.98500	8.12600	 NaN     	 NaN     	0.86243	2.59408	4.66146	0.11672	10.53000	 NaN     	 
195804	248432.00000	16.29800	499.55500	261.12900	120.69400	50.60100	6.68500	7.01200	8.21400	 NaN     	 NaN     	-0.03964	7.44788	7.24472	0.11484	10.79500	 NaN     	 
195901	254011.00000	16.33600	510.33000	265.80000	126.81500	51.58300	6.78200	7.08000	8.25800	 NaN     	 NaN     	0.97546	5.94694	4.68724	0.02521	11.03400	 NaN     	 
195902	260556.00000	16.36100	522.65300	270.04000	134.84600	52.56300	6.77800	7.13900	8.35400	 NaN     	 NaN     	-4.01605	4.98276	3.72411	0.05895	11.29900	 NaN     	 
195903	260899.00000	16.42400	525.03400	274.38900	129.94200	52.41000	6.86600	7.18100	8.41400	 NaN     	 NaN     	0.02613	4.31060	2.17919	-0.02446	11.48300	 NaN     	 
195904	263902.00000	16.48900	528.60000	278.73800	130.62700	52.41900	6.95700	7.25100	8.50900	 NaN     	 NaN     	3.62963	-1.59673	0.78588	0.06361	11.73200	 NaN     	 
196001	270749.00000	16.55500	542.64800	280.90900	141.93100	52.74800	7.14100	7.40500	8.64800	 NaN     	   NaN	3.60264	0.11004	1.47940	-0.06492	12.16300	0.75000	 
196002	273398.00000	16.59700	541.08000	285.77400	133.53000	52.83400	7.11200	7.45400	8.70500	 NaN     	   NaN	6.31925	9.13018	10.85246	0.04156	12.57200	0.75000	 
196003	273964.00000	16.65400	545.60400	286.20300	132.29900	52.53500	7.10500	7.49900	8.72700	 NaN     	   NaN	-0.70569	-7.40078	-7.18196	-0.05041	12.84100	0.75000	 
196004	273308.00000	16.70300	540.19700	289.33400	120.65300	52.04700	7.17300	7.53200	8.78600	 NaN     	   NaN	2.12197	-0.43685	1.00991	0.09434	13.06100	0.75000	 
196101	273789.00000	16.73900	545.01800	292.27900	120.61800	51.75300	7.24100	7.59800	8.85000	 NaN     	   NaN	3.18988	-3.86562	-1.32877	0.13710	13.35200	1.25000	 
196102	277633.00000	16.77800	555.54500	296.13600	127.42800	51.63300	7.40100	7.70400	8.96700	 NaN     	   NaN	-0.60937	1.71586	3.27714	0.00228	13.75100	3.25000	 
196103	282252.00000	16.82100	567.66400	297.75200	135.49700	51.93600	7.45400	7.76200	9.04100	 NaN     	   NaN	2.58013	10.17559	12.67192	0.03647	14.11500	1.25000	 
196104	288403.00000	16.87400	580.61200	302.90900	139.61400	52.60000	7.53900	7.81800	9.13200	 NaN     	   NaN	2.51021	4.32795	4.76414	0.07479	14.44200	2.25000	 
196201	293276.00000	16.96100	594.01300	307.11900	145.77600	52.79300	7.61200	7.94200	9.23700	 NaN     	   NaN	-3.23873	4.49560	4.84370	-0.02195	14.73600	4.50000	 
196202	298747.00000	16.98900	600.36600	311.41100	145.75300	53.42200	7.70400	7.99500	9.30900	 NaN     	   NaN	3.75540	1.81589	2.32830	-0.21351	15.14300	2.50000	 
196203	301175.00000	17.02400	609.02700	314.76600	147.72700	53.31000	7.76600	8.05200	9.37800	 NaN     	   NaN	-1.60281	0.81860	1.83221	0.03570	15.58300	1.50000	 
196204	304234.00000	17.05900	612.28000	319.07100	146.51400	52.97300	7.86000	8.12500	9.47000	 NaN     	   NaN	4.88667	4.52670	6.68824	0.12576	16.10900	0.50000	 
196301	307962.00000	17.13400	621.67200	321.69400	152.27800	53.29300	7.90500	8.20600	9.51100	 NaN     	   NaN	4.67873	3.49049	5.69373	0.06265	16.74800	1.75000	 
196302	312356.00000	17.16400	629.75200	324.53100	155.53100	53.63100	7.94100	8.24800	9.56700	 NaN     	   NaN	-0.64725	1.13782	1.18090	0.04918	17.35000	0.75000	 
196303	316845.00000	17.18700	644.44400	330.69200	159.31300	53.77600	8.05900	8.33200	9.67500	 NaN     	   NaN	0.32263	2.60916	2.87020	0.03837	17.89200	0.75000	 
196304	322240.00000	17.32600	653.93800	334.31000	162.92800	54.19600	8.13900	8.42700	9.78400	 NaN     	   NaN	5.66104	6.71056	7.86634	0.04422	18.32900	3.75000	 
196401	328222.00000	17.38100	669.82200	341.58600	168.46900	55.24000	8.18800	8.41500	9.65000	 NaN     	   NaN	-0.29274	0.51573	0.99780	0.06184	18.72900	1.00000	 
196402	334833.00000	17.42100	678.67400	348.05900	169.99400	55.47800	8.25200	8.50800	9.74700	 NaN     	   NaN	6.01478	3.95170	3.50324	0.03750	19.12100	2.00000	 
196403	341409.00000	17.49000	692.03100	355.04500	174.00900	55.83500	8.35500	8.62000	9.85000	 NaN     	   NaN	-2.88863	1.64465	1.69288	0.03937	19.45800	2.00000	 
196404	346687.00000	17.57000	697.31900	359.61100	174.36100	56.38000	8.43000	8.68300	9.89900	 NaN     	   NaN	3.58534	3.85186	4.32604	0.01572	19.76800	1.00000	 
196501	352814.00000	17.65800	717.79000	364.79500	191.45700	57.25900	8.50400	8.71800	9.94100	 NaN     	370.58289	-0.86264	-0.73452	-0.34475	0.03570	20.12100	5.50000	 
196502	358877.00000	17.73900	730.19100	371.82400	191.87000	57.82600	8.54700	8.77700	9.98900	 NaN     	369.69046	-0.49094	6.68749	6.25760	-0.02423	20.54400	3.50000	 
196503	366215.00000	17.80800	749.32300	379.10400	197.93700	57.96600	8.65500	8.86900	10.09500	 NaN     	378.50084	1.19049	0.10742	-0.08234	0.08165	21.04800	2.50000	 
196504	377121.00000	17.93000	771.85700	390.61000	202.87800	58.51600	8.75800	9.00000	10.24700	 NaN     	392.04286	8.36626	6.42706	8.21185	0.04641	21.69100	1.50000	 
196601	385763.00000	18.04600	795.73400	397.82400	216.51200	59.36000	8.96600	9.15600	10.36500	 NaN     	406.24970	2.60972	5.27581	5.50753	-0.01760	22.37500	1.00000	 
196602	395903.00000	18.19300	804.98100	405.46800	213.22200	59.94400	9.12300	9.30100	10.54300	 NaN     	394.69485	3.25931	6.12764	6.46181	-0.03902	23.00600	1.00000	 
196603	406132.00000	18.36900	819.63800	411.96800	215.51700	60.22500	9.27200	9.43400	10.73100	 NaN     	389.57529	-2.05479	-2.68239	-1.69254	-0.09364	23.55500	1.00000	 
196604	413485.00000	18.52300	833.30200	417.43400	218.48000	60.06500	9.42300	9.56200	10.88800	 NaN     	389.42368	0.95207	-0.73147	1.02872	0.06714	23.98700	2.00000	 
196701	418841.00000	18.60000	844.17000	423.21600	213.91300	59.99500	9.50600	9.69100	10.99500	 NaN     	396.18039	3.72529	0.94594	3.37354	0.14502	24.32400	2.25000	 
196702	423604.00000	18.69500	848.98300	428.97400	211.97800	59.62700	9.68000	9.84900	11.16100	 NaN     	396.12258	7.76184	0.44864	2.76008	0.02760	24.64000	4.25000	 
196703	432009.00000	18.87400	865.23300	436.01800	217.53400	59.82400	9.78700	9.98200	11.30500	 NaN     	396.93952	4.46022	1.49577	4.65660	0.07834	25.01200	2.25000	 
196704	441583.00000	19.08400	881.43900	442.60700	223.29500	60.09600	9.90200	10.11800	11.44600	 NaN     	395.97161	-1.61599	0.44345	1.13945	0.01329	25.42200	3.25000	 
196801	454210.00000	19.29500	909.38700	455.43800	233.14700	60.20100	10.19400	10.39000	11.78200	 NaN     	416.66639	3.58507	0.85496	1.54693	-0.06397	25.89800	2.50000	 
196802	465923.00000	19.49900	934.34400	466.93000	242.02700	60.77800	10.37200	10.55900	11.94600	 NaN     	426.29758	5.85892	6.19534	7.20218	0.13669	26.36000	2.50000	 
196803	478330.00000	19.69000	950.82500	478.57700	243.22800	61.20400	10.56400	10.73100	12.11500	 NaN     	422.27502	2.54567	3.35217	3.69704	0.03988	26.81200	1.50000	 
196804	489423.00000	19.96800	968.03000	487.15100	248.58600	61.58400	10.77300	10.94500	12.31600	 NaN     	415.47437	-0.64651	1.29410	2.12941	0.03189	27.28700	2.50000	 
196901	499068.00000	20.17400	993.33700	496.99500	262.39900	62.15800	10.82700	11.09400	12.54300	 NaN     	420.35403	-2.00884	-0.95777	-0.05002	-0.03132	27.71900	3.50000	 
196902	511382.00000	20.43100	1009.02000	507.88900	263.16900	62.73300	11.10400	11.27400	12.74000	 NaN     	409.76167	-0.65339	-0.29937	-0.23801	-0.04345	28.10200	4.50000	 
196903	526431.00000	20.71800	1029.95600	517.99800	268.19200	63.03600	11.34200	11.47500	12.95800	 NaN     	407.98725	-2.97047	-1.32537	0.41436	-0.03924	28.36600	10.50000	 
196904	536451.00000	20.98500	1038.14700	529.74200	262.41700	62.84500	11.58000	11.69700	13.21400	 NaN     	396.34744	-0.77388	-0.29829	1.33337	0.00158	28.47200	3.50000	 
197001	545098.00000	21.28000	1051.20000	542.07400	257.72400	62.59300	11.80100	11.90900	13.41000	 NaN     	392.97282	-0.73884	-3.12299	-0.43555	-0.02533	28.36600	3.75000	 
197002	549066.00000	21.57700	1067.37500	550.56400	262.46100	61.76700	11.94800	12.09900	13.63500	 NaN     	398.68629	4.50432	-2.14759	0.47715	-0.20564	28.25600	3.75000	 
197003	555722.00000	21.75400	1086.05900	561.47100	265.91500	61.45600	12.15800	12.29700	13.85400	 NaN     	414.86847	7.13850	1.43330	4.29008	0.18153	28.30600	0.75000	 
197004	556354.00000	22.04200	1088.60800	572.83600	254.07800	60.98400	12.30700	12.42000	14.06100	 NaN     	406.63267	5.60652	4.52833	6.75675	0.09395	28.31100	4.75000	 
197101	570513.00000	22.37600	1135.15600	581.13500	287.54700	61.27100	12.54100	12.67600	14.34000	 NaN     	439.78245	-0.47074	-4.49579	-2.20262	0.11773	28.61300	2.25000	 
197102	580449.00000	22.67000	1156.27100	592.23600	298.31800	61.47000	12.67900	12.86200	14.49800	 NaN     	439.93652	4.96884	9.40287	9.51543	-0.00119	28.94100	2.25000	 
197103	588790.00000	22.90100	1177.67500	602.15600	305.50000	61.47000	12.89900	13.03800	14.63900	 NaN     	444.76270	0.16841	0.27149	0.50516	-0.00450	29.27100	2.25000	 
197104	598442.00000	23.09200	1190.29700	614.43800	305.71300	62.13100	12.99300	13.12800	14.72200	 NaN     	435.46952	8.68011	3.45069	4.93284	0.04554	29.73600	2.25000	 
197201	618471.00000	23.44300	1230.60900	628.24400	323.67200	62.83000	13.33500	13.49300	15.14000	 NaN     	450.22150	-5.65052	-0.59801	-0.65743	0.06987	30.42400	2.25000	 
197202	630373.00000	23.58900	1266.36900	643.29800	340.86400	63.28600	13.48500	13.65000	15.24000	 NaN     	466.62843	1.55479	3.77743	3.53027	0.00061	30.98500	5.25000	 
197203	642325.00000	23.81500	1290.56600	658.20700	350.68100	63.64400	13.62700	13.83200	15.35600	 NaN     	466.63137	2.80470	6.15601	6.87870	0.02365	31.47000	6.25000	 
197204	663970.00000	24.11800	1328.90400	677.08600	363.13100	64.31000	13.90500	14.09200	15.58800	 NaN     	472.24978	2.44437	2.57334	2.94099	0.07078	32.15700	3.25000	 
197301	683351.00000	24.39600	1377.49000	693.19500	386.12500	65.27800	14.31100	14.46300	16.04100	 NaN     	487.81304	3.61170	6.47710	6.63105	-0.07791	32.82300	4.25000	 
197302	700188.00000	24.77100	1413.88700	709.23300	399.49100	65.96500	14.50700	14.66400	16.26700	 NaN     	482.72103	4.30260	6.01729	5.62664	-0.08301	33.45100	2.25000	 
197303	716164.00000	25.25400	1433.83800	728.07600	395.13500	66.41100	14.77700	14.91800	16.54400	 NaN     	458.94140	-2.36238	-0.67153	-0.39440	0.08093	34.07800	4.25000	 
197304	735343.00000	25.75700	1476.28900	745.68600	409.05900	66.74200	15.05300	15.21900	16.83000	 NaN     	451.53215	-3.98540	-4.62931	-3.38265	-0.11102	34.75500	3.25000	 
197401	748181.00000	26.24300	1491.20900	765.21500	395.01300	66.45500	15.32400	15.56600	17.21300	 NaN     	428.25620	1.08098	0.49564	1.88663	-0.01675	35.34700	6.25000	 
197402	765297.00000	26.86300	1530.05600	789.83900	407.97400	66.63100	15.80100	15.97400	17.66200	 NaN     	422.54601	-3.15210	-7.93354	-5.54777	-0.10698	36.09100	7.25000	 
197403	783131.00000	27.65000	1560.02600	812.95100	407.33700	66.39700	16.31200	16.44800	18.16700	 NaN     	407.52652	3.17788	-2.51989	-0.27126	-0.24541	36.84300	5.25000	 
197404	792519.00000	28.46300	1599.67900	831.93000	408.48700	65.29900	16.71900	16.90300	18.70600	 NaN     	409.71715	-6.46195	-4.67771	-2.26208	0.08756	37.38500	4.25000	 
197501	791920.00000	29.11000	1616.11600	853.40300	376.09300	63.24600	17.26800	17.41600	19.25900	 NaN     	424.97016	5.54296	-2.24095	1.08538	0.24476	37.74200	4.75000	 
197502	800367.00000	29.54300	1651.85300	876.89000	379.97300	62.66300	17.62900	17.78800	19.69300	 NaN     	446.92293	9.88511	0.49459	5.72169	0.16104	38.35700	5.75000	 
197503	821293.00000	30.06500	1709.82000	900.40400	411.98000	63.23400	17.87300	18.10100	19.98000	 NaN     	451.31263	4.18321	4.85930	6.74164	-0.11739	39.36200	7.75000	 
197504	845772.00000	30.56800	1761.83100	922.83100	429.62800	64.32400	18.22500	18.39600	20.28400	 NaN     	450.72309	-1.57148	5.81539	5.15028	0.07685	40.45200	8.75000	 
197601	871218.00000	30.89100	1820.48700	946.61000	467.93500	65.38300	18.61900	18.74900	20.73000	 NaN     	459.42592	-4.32565	1.39686	0.16789	0.16457	41.65400	9.25000	 
197602	889382.00000	31.20200	1852.33200	963.64100	488.20300	65.40800	18.95600	19.10200	21.06600	 NaN     	460.27011	0.42999	6.52406	5.28770	0.02402	42.64700	7.25000	 
197603	908452.00000	31.60500	1886.55800	988.96100	498.15200	65.67000	19.31000	19.50300	21.44700	 NaN     	459.94673	3.31911	1.84291	2.33329	0.01680	43.65300	7.25000	 
197604	929928.00000	32.17200	1934.27300	1016.95200	513.10500	66.02400	19.77500	19.91900	21.89400	 NaN     	461.43693	-0.30595	0.77659	1.11290	0.04554	44.63400	11.25000	 
197701	950043.00000	32.69000	1988.64800	1044.28100	544.24400	66.72300	20.14700	20.29500	22.40200	 NaN     	457.10216	3.96469	0.68241	1.43894	-0.06027	45.60600	3.75000	 
197702	980908.00000	33.15100	2055.90900	1066.75800	578.92600	67.99700	20.47900	20.70800	22.77600	 NaN     	460.70399	2.67196	2.45046	2.25457	0.04520	46.89600	3.75000	 
197703	1007506.00000	33.55400	2118.47300	1092.91200	608.12600	68.72600	20.90500	21.11100	23.19500	 NaN     	465.07104	-2.63038	3.40402	1.64691	-0.02444	48.14500	6.75000	 
197704	1038175.00000	34.27900	2164.27000	1124.09800	623.00500	69.40000	21.24800	21.47600	23.60600	 NaN     	444.11980	7.09613	5.15777	5.33316	0.01264	49.46500	4.75000	 
197801	1063845.00000	34.77800	2202.76000	1155.88400	632.96700	69.72400	21.80100	22.04600	24.46200	 NaN     	422.01351	-5.02539	-2.90242	-2.98940	-0.03213	50.82600	9.00000	 
197802	1106042.00000	35.44300	2331.63300	1195.19800	686.77100	71.75700	22.16300	22.42300	24.82200	 NaN     	445.24781	3.63235	-1.39549	-0.83889	0.09610	52.65000	4.00000	 
197803	1137996.00000	36.04400	2395.05300	1225.47600	709.10800	72.35900	22.59700	22.85100	25.25400	 NaN     	453.61873	-0.13379	8.02715	5.68761	0.09393	54.26800	4.00000	 
197804	1174396.00000	36.78200	2476.94900	1259.05600	738.05400	73.23600	23.17200	23.42000	25.77000	 NaN     	468.60453	0.18792	-0.10041	0.43728	-0.06468	56.07400	5.00000	 
197901	1208565.00000	37.45200	2526.61000	1293.86300	749.08700	73.75900	23.78600	24.02300	26.54700	232.00000	477.99874	-0.76435	0.25963	0.58776	0.08846	57.90500	6.25000	 
197902	1234381.00000	38.37000	2591.24700	1335.53500	761.39400	73.99200	24.35200	24.57400	27.11100	239.00000	473.91999	-1.08234	-1.70838	-0.73129	0.04144	59.73000	11.25000	 
197903	1269386.00000	39.20800	2667.56500	1380.93600	776.55300	74.67400	24.88800	25.11900	27.65500	243.00000	477.07860	5.05467	-4.15542	-1.91750	0.08223	61.86200	8.25000	 
197904	1300925.00000	39.93600	2723.88300	1425.98700	776.92400	74.83100	25.48000	25.75700	28.28000	248.00000	468.71608	-5.42438	-1.59845	-1.66846	0.01415	64.09500	6.25000	 
198001	1333777.00000	40.77500	2789.84200	1470.24700	786.61700	74.64300	26.25000	26.48200	29.03200	254.00000	457.89826	-0.63399	-1.56556	-0.48612	-0.06155	66.51300	7.50000	 
198002	1353879.00000	41.74500	2797.35200	1492.80600	731.21100	73.27800	26.95100	27.20200	29.87600	257.00000	441.46385	8.32064	-0.61454	1.62874	0.15759	68.46200	10.50000	 
198003	1377302.00000	42.67800	2856.48300	1538.40800	720.43400	72.93700	27.61100	27.89600	30.61900	266.00000	434.90620	-2.52121	-7.56458	-3.12365	0.12692	70.70100	5.50000	 
198004	1428729.00000	43.79000	2985.55700	1595.64400	787.70200	73.92200	28.30200	28.63700	31.27700	269.00000	438.51850	-1.97554	0.33750	2.77023	0.08837	73.67200	7.50000	 
198101	1467662.00000	44.94300	3124.20600	1639.68700	865.42800	74.34200	28.99800	29.35700	32.07400	276.00000	451.85607	-3.85419	5.15413	5.09547	0.01983	76.26000	18.00000	 
198102	1496683.00000	45.83400	3162.53200	1676.58900	850.77900	74.39900	29.53000	29.86400	32.53000	279.00000	434.11673	4.78800	3.87183	4.38288	-0.00814	78.67000	12.00000	 
198103	1530569.00000	46.69600	3260.60900	1706.17400	904.22200	74.33900	30.17700	30.53600	33.18400	285.00000	436.71895	-4.01790	-3.29938	-1.60397	-0.11918	81.28100	18.00000	 
198104	1550577.00000	47.50300	3280.81800	1737.60300	880.23900	74.00700	30.68000	31.04100	33.77900	292.00000	429.86152	8.55137	4.56709	6.16348	0.07762	83.54200	14.00000	 
198201	1567538.00000	48.15700	3274.30200	1767.71600	834.75700	72.74100	31.50800	31.86500	34.44300	295.00000	418.05617	-1.84723	-7.34353	-4.68990	-0.08533	85.81400	13.50000	 
198202	1581739.00000	48.78300	3331.97200	1790.41800	842.84700	73.08300	31.80700	32.11300	34.79400	301.00000	421.79827	2.03609	-4.69947	0.38320	-0.01041	87.98300	16.50000	 
198203	1596438.00000	49.47500	3366.32200	1833.56500	845.06100	72.55400	32.26400	32.61700	35.38200	303.00000	412.74883	-2.92436	-1.39774	0.25847	0.11441	90.14400	18.50000	 
198204	1604354.00000	49.98700	3402.56100	1881.19900	813.59800	71.87200	32.73400	33.10100	35.95000	306.00000	411.99002	-2.66463	-2.60960	0.06472	0.19381	91.99300	9.50000	 
198301	1622449.00000	50.36400	3473.41300	1915.68100	834.42800	72.32000	33.03300	33.43300	36.13500	309.00000	401.16512	0.74102	0.12295	2.21462	0.11055	94.15000	24.50000	 
198302	1654672.00000	50.73900	3578.84800	1959.85500	903.36700	73.16800	33.37200	33.75300	36.44500	311.00000	402.97741	-1.53176	2.16129	3.02866	0.12958	96.84100	28.50000	 
198303	1691405.00000	51.27800	3689.17900	2017.53400	954.63100	74.64100	33.51500	33.93200	36.60200	316.00000	396.95798	-1.25442	5.71749	5.33382	-0.01264	99.70500	20.50000	 
198304	1741526.00000	51.66700	3794.70600	2053.22600	1037.76600	76.04300	33.99800	34.32100	37.00700	316.00000	396.73554	-4.69344	1.48191	0.03119	-0.00982	103.08300	22.50000	 
198401	1784009.00000	52.19000	3908.05400	2086.72700	1122.31100	77.50700	34.36800	34.71100	37.49000	321.00000	403.69334	0.65673	4.82187	4.25368	-0.03889	106.18300	19.50000	 
198402	1828142.00000	52.63600	4009.60100	2134.60700	1160.16300	78.51500	34.71500	35.07600	37.86200	323.00000	408.64075	3.26680	5.31568	4.08565	-0.02770	109.61000	18.50000	 
198403	1867050.00000	53.10400	4084.25000	2171.44900	1180.92700	78.84700	35.22100	35.59100	38.42200	327.00000	410.79215	3.47937	3.48309	3.30809	0.09018	113.15500	18.50000	 
198404	1900457.00000	53.50100	4148.55100	2207.95600	1185.58100	79.35100	35.53000	35.87700	38.75400	333.00000	402.56408	1.66704	0.44323	2.37506	0.01264	116.83100	20.50000	 
198501	1932147.00000	54.03000	4230.16800	2268.00100	1177.87200	79.98300	35.99900	36.33600	39.21400	334.00000	394.58519	1.55976	-0.25205	1.64018	0.10213	120.75900	25.75000	 
198502	1963626.00000	54.37800	4294.88700	2308.51400	1200.29100	80.52200	36.37600	36.68300	39.60300	347.00000	391.54708	4.65601	1.89413	1.43615	0.07147	124.00700	32.75000	 
198503	1997416.00000	54.70600	4386.77300	2357.69800	1218.60800	80.74700	36.96100	37.22700	40.26000	345.00000	398.38684	-1.47301	-1.05815	1.24576	-0.04467	126.63300	26.75000	 
198504	2037011.00000	55.01200	4444.09400	2395.64800	1243.29700	81.15400	37.68000	37.93100	41.07200	348.00000	401.03031	2.94954	4.13662	5.55907	0.16484	128.88700	18.75000	 
198601	2063537.00000	55.28600	4507.89400	2432.02300	1255.08300	81.02500	38.15000	38.47500	41.44800	352.00000	413.14854	-1.34115	-0.12997	0.80813	0.14140	129.96600	32.00000	 
198602	2081804.00000	55.49500	4545.34000	2444.16500	1262.52800	80.81100	38.58100	38.91700	41.98600	358.00000	425.17282	3.81463	2.70479	3.98452	0.05739	130.92900	37.00000	 
198603	2111468.00000	55.72300	4607.66900	2471.49400	1281.53900	81.22000	39.04500	39.40700	42.54500	359.00000	433.43136	3.33165	0.14357	2.14314	-0.07669	132.51300	30.00000	 
198604	2152531.00000	56.02600	4657.62700	2511.67500	1283.19600	81.83000	39.56200	39.93700	43.12200	365.00000	436.96186	0.34210	0.53288	1.22365	0.03703	134.61900	36.00000	 
198701	2192652.00000	56.38200	4722.15600	2565.01600	1289.69300	82.84700	39.74200	40.11400	43.14900	366.00000	436.55194	-1.02193	-1.08261	-0.31358	0.21056	136.98400	38.75000	 
198702	2229890.00000	56.77300	4806.16000	2614.22900	1313.68900	83.30300	40.03300	40.41400	43.47800	371.00000	439.26675	-4.33602	-1.12686	-0.90600	0.03118	139.04200	30.75000	 
198703	2270785.00000	57.20200	4884.55500	2656.81600	1337.00700	83.87900	40.45700	40.82800	43.87200	377.00000	442.40531	4.39316	4.57709	3.72902	0.06054	141.07900	41.75000	 
198704	2331739.00000	57.65800	5007.99400	2700.96700	1396.40800	84.75700	40.95200	41.30800	44.56900	378.00000	455.65619	1.41955	1.39841	2.03075	-0.23081	143.54900	34.75000	 
198801	2366183.00000	58.11000	5073.37200	2761.45700	1379.00800	84.84000	41.68200	42.02400	45.16500	382.00000	460.77665	0.71200	1.81622	2.50086	0.08066	145.43600	46.25000	 
198802	2421533.00000	58.67600	5190.03600	2818.49400	1407.74800	86.04500	42.21000	42.53100	45.74000	382.00000	464.86513	5.73139	1.73212	2.94346	0.06349	148.07200	52.25000	 
198803	2462854.00000	59.37700	5282.83500	2891.51100	1412.39800	86.26600	42.77400	43.05800	46.29600	387.00000	461.08256	1.22056	0.15806	0.12938	0.00082	150.23400	54.25000	 
198804	2508558.00000	59.89000	5399.50900	2948.37700	1448.91000	87.23600	43.05300	43.38100	46.58300	390.00000	457.39308	1.65707	1.19263	2.18213	0.02204	152.44700	41.25000	 
198901	2540806.00000	60.51500	5511.25300	3003.72000	1491.93800	88.10300	43.18900	43.50600	46.68700	393.00000	445.11576	0.01713	0.65879	0.89294	0.07108	154.43200	50.25000	 
198902	2563467.00000	61.15900	5612.46300	3060.42300	1494.39100	88.43800	43.44300	43.68700	46.91500	398.00000	438.06239	-1.36182	-0.95536	-0.21935	0.08414	155.97700	53.25000	 
198903	2592251.00000	61.60600	5695.36500	3103.76200	1502.09800	88.63300	43.80500	44.08300	47.36400	401.00000	439.85072	-2.05651	-3.08329	-0.43028	0.09934	157.87700	48.25000	 
198904	2635680.00000	62.04500	5747.23700	3161.80700	1487.69400	88.63200	44.43100	44.71600	48.06700	406.00000	444.06306	2.16380	-0.00593	0.72407	0.00608	160.46100	65.25000	 
199001	2684433.00000	62.71400	5872.70100	3222.55500	1526.23200	88.88700	45.37400	45.58400	48.24900	408.00000	458.57609	-0.88748	-1.21899	0.11849	-0.03348	163.48000	46.50000	 
199002	2738832.00000	63.41600	5960.02800	3285.01300	1513.12700	88.49200	46.31300	46.47500	49.24000	412.00000	464.96969	0.92253	2.69921	3.67727	0.05369	166.08400	55.50000	 
199003	2769310.00000	63.96000	6015.11600	3353.13000	1494.35500	88.03500	46.93100	47.08900	49.98300	412.00000	464.71374	0.65546	1.85572	3.69560	-0.14888	167.90300	47.50000	 
199004	2772219.00000	64.43600	6004.73300	3386.96300	1428.40000	87.65900	47.24100	47.45000	50.39300	417.00000	449.59286	0.28737	-1.38800	1.67672	0.08348	168.33000	51.50000	 
199101	2771729.00000	65.06700	6035.17800	3401.87100	1396.26000	86.79100	47.50900	47.73300	50.48400	426.00000	437.00348	-0.61866	-4.49915	-3.07491	0.16129	171.36400	66.50000	 
199102	2800145.00000	65.54500	6126.86200	3451.68300	1401.78900	86.25700	48.39600	48.64700	51.45300	423.00000	436.88580	1.52470	-2.10977	1.56176	-0.00179	175.13800	88.50000	 
199103	2828083.00000	66.05700	6205.93700	3488.93300	1431.81200	86.15400	48.95500	49.22900	52.01900	427.00000	426.15890	2.51972	3.45505	5.12957	0.06307	175.53800	65.50000	 
199104	2857955.00000	66.44900	6264.54000	3522.57600	1456.24400	86.00900	49.62600	49.88400	52.70500	430.00000	418.65249	-0.63338	1.38363	2.15502	0.08450	178.14600	64.50000	 
199201	2912856.00000	66.69600	6363.10200	3604.22000	1452.99700	85.49200	50.93600	51.18300	53.68200	437.00000	423.01219	-0.85006	0.08350	2.37416	-0.01183	177.92000	81.00000	 
199202	2951982.00000	67.09700	6470.76300	3654.67100	1514.07300	85.81600	51.33000	51.66300	54.19800	438.00000	426.72936	10.31964	9.68465	10.06821	0.00029	178.71400	134.00000	 
199203	2976554.00000	67.42500	6566.64100	3714.87800	1536.25400	85.97000	51.93500	52.25100	54.88000	443.00000	433.14014	-1.42190	1.92457	2.24814	0.03092	178.33400	83.00000	 
199204	3020771.00000	67.88900	6680.80300	3784.14100	1581.02600	86.51500	52.23100	52.53600	55.24800	443.00000	438.82708	0.60989	0.68427	2.09309	0.07031	179.64300	88.00000	 
199301	3015937.00000	68.27000	6729.45900	3821.66300	1611.68100	87.28700	51.93700	52.14700	54.60500	450.00000	438.41695	-0.81896	0.73048	2.02718	0.04369	179.08200	88.75000	 
199302	3066450.00000	68.67600	6808.93900	3870.73800	1642.32100	88.28100	52.37000	52.53700	55.15000	457.00000	447.49114	-7.05501	-4.99535	-4.60386	0.00891	179.58300	86.75000	 
199303	3093619.00000	69.08400	6882.09800	3930.55100	1652.49000	88.80200	52.38900	52.55400	55.23300	461.00000	447.77077	-2.13097	0.11212	-0.18725	0.03932	178.52700	84.75000	 
199304	3141356.00000	69.46100	7013.73800	3978.85400	1726.93800	89.64600	52.76600	52.93800	55.64200	465.00000	457.75720	-3.62607	-2.10416	-1.04055	0.01966	179.30300	93.75000	 
199401	3152713.00000	69.79300	7115.65200	4032.39900	1790.49900	90.19500	52.39200	52.63400	55.57300	463.00000	460.04312	3.74140	4.74454	4.66072	-0.03961	179.27800	80.75000	 
199402	3223321.00000	70.13000	7246.93100	4084.44200	1863.66900	91.66300	52.73300	53.07200	55.86300	467.00000	462.51522	-3.59043	-2.04327	-0.14395	-0.00951	180.88900	99.75000	 
199403	3258704.00000	70.53200	7331.07500	4143.45100	1861.05900	92.74100	52.74600	53.05800	55.75300	467.00000	455.37465	-0.86034	1.09289	0.08933	0.05480	184.08000	78.75000	 
199404	3311620.00000	70.91500	7455.28800	4194.88300	1939.39600	93.12500	53.10400	53.47000	55.99400	470.00000	453.70162	-0.57887	-1.68856	-1.09224	-0.01092	187.14500	90.75000	 
199501	3358102.00000	71.30000	7522.28900	4241.18300	1948.83800	93.56600	53.45300	53.78600	56.40400	473.00000	441.69990	3.19628	4.41550	4.03064	0.08951	191.84600	96.50000	 
199502	3395188.00000	71.64200	7580.99700	4306.69500	1930.90200	93.41800	53.84100	54.23400	56.80900	477.00000	438.03017	0.94541	-1.73251	-0.59833	0.09294	195.12700	135.50000	 
199503	3438905.00000	71.99500	7683.12500	4356.11800	1945.79100	94.50000	54.17000	54.52800	57.04500	484.00000	440.53380	4.07702	-0.30231	2.02131	0.08866	198.70300	107.50000	 
199504	3479893.00000	72.34200	7772.58600	4403.41300	1987.37700	94.73500	54.64400	54.97200	57.50400	482.00000	442.36627	0.67866	1.36996	1.28873	0.04666	201.01900	124.50000	 
199601	3524438.00000	72.69000	7868.46800	4470.79000	2015.17800	94.90900	55.21600	55.57600	58.09900	484.00000	454.49400	0.94840	0.53228	2.71977	0.05632	205.95100	103.00000	 
199602	3589950.00000	72.99100	8032.84000	4544.16700	2094.72000	95.80500	55.75700	56.08900	58.57300	488.00000	468.64931	6.54845	2.39252	3.90497	0.04425	208.97700	140.00000	 
199603	3647237.00000	73.23000	8131.40800	4595.12300	2153.73200	96.60400	56.26700	56.51800	59.00700	493.00000	473.43906	-2.98725	3.31816	3.84032	0.02870	212.50200	134.00000	 
199604	3704252.00000	73.62100	8259.77100	4663.12300	2169.76900	97.70900	56.58600	56.84300	59.33700	496.00000	487.07551	-0.07656	1.45918	1.56547	0.06790	215.70700	107.00000	 
199701	3776357.00000	74.06000	8362.65500	4727.51400	2227.99500	98.53500	57.19200	57.49700	59.91500	499.00000	458.69184	1.77434	1.11130	1.08055	0.00508	221.82700	103.00000	 
199702	3835645.00000	74.21000	8518.82500	4774.68000	2286.80500	99.00300	57.72400	58.02500	60.43400	502.00000	467.66371	-2.33485	-0.98560	0.35913	0.16629	224.78000	90.00000	 
199703	3902961.00000	74.53200	8662.82300	4856.40000	2348.03000	99.58000	58.39000	58.60800	61.12600	504.00000	475.53308	3.31733	4.10135	5.29504	0.09814	228.05900	112.00000	 
199704	3992413.00000	74.77700	8765.90700	4926.44800	2381.69000	100.04600	59.52400	59.66900	62.18300	508.00000	477.79534	4.57452	3.54738	4.66488	0.01265	228.43100	223.00000	 
199801	4074893.00000	74.88700	8866.48000	4983.64000	2450.02600	100.67200	60.51100	60.67700	63.09000	516.00000	526.64466	-0.65946	1.44869	3.53611	0.13345	233.02600	145.75000	 
199802	4145492.00000	75.06300	8969.69900	5063.32900	2465.01100	101.18400	61.24600	61.44900	64.01300	518.00000	537.20481	1.83108	1.76053	2.32549	0.01634	237.35100	135.75000	 
199803	4217415.00000	75.38600	9121.09700	5141.80200	2526.66700	101.31800	62.21700	62.44300	65.06400	525.00000	555.91108	4.70146	1.30396	2.99444	-0.12503	242.17100	134.75000	 
199804	4288664.00000	75.59300	9293.99100	5203.04900	2622.15300	102.56600	62.62500	62.79500	65.48900	538.00000	564.14255	4.20445	3.61683	5.96693	0.21297	245.86600	128.75000	 
199901	4365671.00000	75.83500	9411.68200	5282.09200	2673.01100	102.40600	63.87600	63.91100	66.85800	533.00000	528.02158	-1.43218	0.48344	1.64058	0.03680	249.12800	111.75000	 
199902	4409691.00000	76.12200	9526.21000	5375.83700	2703.14600	102.97400	64.12200	64.17500	67.23200	546.00000	523.39795	6.23899	5.03391	6.81688	0.07959	255.55800	134.75000	 
199903	4473016.00000	76.39300	9686.62600	5464.11800	2764.92600	103.63100	64.68200	64.73900	67.75100	551.00000	530.33454	-1.24222	-1.68816	0.52424	-0.06232	262.05300	130.75000	 
199904	4583644.00000	76.81500	9900.16900	5590.71000	2829.42600	104.06300	65.87300	66.03900	69.00200	564.00000	551.01987	1.09884	1.41123	2.84180	0.19350	269.11800	166.75000	 
200001	4752288.00000	77.32500	10002.17900	5697.34200	2871.52500	104.58100	68.15300	68.37200	71.37300	568.00000	591.74843	5.72127	3.98428	5.41785	0.04393	278.15000	164.00000	 
200002	4779984.00000	77.80700	10247.72000	5809.97900	2977.71700	104.86900	68.40000	68.54200	71.66900	572.00000	596.80786	0.96790	2.45370	4.20519	-0.04944	281.58000	131.00000	 
200003	4872258.00000	78.26300	10318.16500	5908.32600	2971.62700	104.82300	69.74300	69.88100	73.05400	579.00000	589.07235	4.00055	3.69234	5.08435	0.00196	288.13300	164.00000	 
200004	4898928.00000	78.68800	10435.74400	6002.78300	2983.05000	104.44800	70.21300	70.26200	73.64400	581.00000	579.03286	0.62743	-1.60951	1.53008	-0.10647	292.20000	245.00000	 
200101	4980138.00000	79.20400	10470.23100	6068.48600	2898.14400	104.39300	71.82900	71.85200	73.25800	585.00000	576.44251	4.68091	1.43465	2.80202	-0.12935	293.46000	127.25000	 
200102	4962191.00000	79.68300	10599.00000	6122.77100	2892.51200	103.40200	72.16800	72.14300	73.88900	594.00000	583.00824	0.61417	-1.89579	1.96071	0.07594	295.56200	221.25000	 
200103	4936768.00000	79.99600	10598.02000	6146.44800	2868.79700	102.11000	72.29900	72.24400	74.27100	601.00000	579.73966	4.16444	2.05494	4.98494	-0.16071	294.84200	234.25000	 
200104	4938592.00000	80.24500	10660.46500	6191.43800	2845.97300	100.97000	72.90700	72.90100	75.13200	603.00000	603.72167	0.43604	-2.36582	1.53300	0.12860	294.30900	182.25000	 
200201	4946196.00000	80.50400	10783.50000	6241.46500	2888.90800	100.09500	73.17200	73.23800	74.77700	607.00000	615.30367	4.27371	0.89396	3.23922	0.00569	293.58100	162.25000	 
200202	4998464.00000	80.78300	10887.46000	6330.55700	2910.67900	100.34400	73.82700	73.87500	75.41300	608.00000	616.42385	4.92652	6.06865	7.88288	-0.12568	295.99800	251.25000	 
200203	5012989.00000	81.17200	10984.04000	6395.41500	2934.91700	99.98600	74.23600	74.25300	75.83100	608.00000	613.62645	-0.77208	0.69666	2.24530	-0.16636	297.50400	174.25000	 
200204	5027539.00000	81.63800	11061.43300	6486.85300	2928.63600	100.11600	74.40600	74.44300	76.16800	610.00000	612.43325	1.67834	0.91159	2.58774	0.07995	301.52400	160.25000	 
200301	5027428.00000	82.04500	11174.12900	6592.62700	2934.75400	99.60100	74.87400	74.90500	76.40000	615.00000	632.16934	-0.26960	0.62496	1.19116	-0.02851	304.71200	144.00000	 
200302	5101787.00000	82.32800	11312.76600	6653.63900	2980.20500	99.30000	76.32400	76.20800	77.63900	619.00000	666.79772	0.84038	1.97860	3.24792	0.17023	309.04500	163.00000	 
200303	5169149.00000	82.79600	11566.66900	6779.15000	3086.08000	99.45100	77.30700	77.34200	78.62000	621.00000	701.21057	4.98939	4.04974	6.17314	0.03911	312.22600	121.00000	 
200304	5256502.00000	83.30600	11772.23400	6866.37800	3178.38500	99.95500	78.32700	78.42100	79.54000	623.00000	720.00520	4.45514	4.90380	5.66329	0.12696	315.39600	161.00000	 
200401	5275192.00000	83.89500	11923.44700	6984.54800	3218.28100	100.35900	78.32100	78.27300	79.32900	629.00000	664.72002	-2.26294	1.74031	2.32311	0.02779	317.08500	150.75000	 
200402	5381378.00000	84.56900	12112.81500	7081.13500	3328.57900	100.43600	79.79300	79.78600	80.56800	642.00000	670.61620	-0.75707	0.97838	1.09734	0.01088	321.16000	179.75000	 
200403	5493371.00000	85.11200	12305.30700	7198.29000	3403.31800	101.07800	81.21000	81.21500	81.73200	635.00000	672.77955	4.04260	3.02587	3.97686	-0.01522	326.12100	141.75000	 
200404	5536394.00000	85.77000	12527.21400	7341.57100	3497.13200	101.61800	81.78100	81.55900	81.93200	646.00000	664.47672	3.04844	3.18109	2.61516	0.10440	331.20000	168.75000	 
200501	5575281.00000	86.45300	12767.28600	7441.77100	3596.03200	101.82300	82.25400	82.12100	82.64700	647.00000	738.60889	2.34528	0.21794	2.25178	-0.02135	341.87100	104.75000	 
200502	5638269.00000	87.08200	12922.65600	7563.22800	3614.39200	102.40400	82.55700	82.61300	82.90100	647.00000	727.29709	1.61892	2.06283	3.67108	0.02347	346.11600	144.75000	 
200503	5738556.00000	87.87400	13142.64200	7716.27600	3682.89000	102.72000	83.64500	83.64700	83.76000	651.00000	722.87386	-0.03671	-0.29993	-0.79085	0.04813	351.31200	109.75000	 
200504	5815402.00000	88.58500	13324.20400	7840.55000	3760.00800	103.34400	84.25800	84.16500	84.15900	658.00000	718.30089	0.39573	2.35879	3.14958	0.02213	351.61100	128.75000	 
200601	5971898.00000	89.20900	13599.16000	7946.02500	3863.86800	104.36900	85.97300	85.83800	85.38100	662.00000	655.79061	-1.27871	1.95311	3.31197	0.05811	358.50900	126.00000	 
200602	6012736.00000	90.00000	13753.42400	8078.40000	3858.50100	104.69500	85.94200	85.90800	85.50600	663.00000	638.59611	2.73527	3.57070	3.98320	-0.01884	365.72400	197.00000	 
200603	6061775.00000	90.62800	13870.18800	8193.24000	3869.95200	105.20600	86.08900	86.04400	85.64900	678.00000	629.63787	-3.57544	-1.66103	-0.57997	0.04304	379.06000	134.00000	 
200604	6181420.00000	90.96700	14039.56000	8257.94600	3844.82800	105.51200	87.54800	87.55800	86.98000	681.00000	647.75616	-2.47968	-1.78760	-0.90552	0.07322	390.81300	150.00000	 
200701	6344544.00000	91.83900	14215.65100	8393.11600	3843.31700	105.54200	89.78200	89.70600	88.81100	687.00000	720.58110	1.73551	1.27504	1.62857	0.01814	392.96000	158.25000	 
200702	6370546.00000	92.45300	14402.08200	8493.02100	3884.90900	106.00800	89.87200	89.63800	88.82300	693.00000	713.93842	-0.73655	-1.05065	0.24323	0.06439	399.69700	233.25000	 
200703	6397446.00000	92.93300	14564.11700	8606.52400	3877.82800	105.68300	90.25500	89.98300	89.12600	698.00000	719.32755	-2.28047	-0.41828	1.30968	0.01958	401.96600	184.25000	 
200704	6474582.00000	93.32700	14715.05800	8741.54100	3838.15900	105.33400	91.14100	91.01800	89.97900	700.00000	716.18620	-0.63787	-2.33756	0.52873	-0.02905	411.27600	224.25000	 
200801	6539800.00000	93.65500	14706.53800	8850.93600	3717.21000	105.04800	92.03100	91.89100	90.84700	713.00000	658.91576	1.95828	-0.07553	0.58456	-0.09239	418.68800	187.75000	 
200802	6532597.00000	94.13000	14865.70100	8992.13900	3678.32400	104.42900	92.17700	92.05600	91.22200	722.00000	686.01432	-4.91292	-4.83281	-1.44005	-0.00842	426.37000	243.75000	 
200803	6546740.00000	94.84000	14898.99900	9063.26000	3594.06100	103.28600	93.00400	92.92000	92.30700	724.00000	713.16476	0.80531	0.15501	2.25982	-0.10014	422.18900	218.75000	 
200804	6517855.00000	95.06500	14608.20800	8898.95500	3315.90100	100.72200	93.86700	93.85000	93.81900	727.00000	744.68315	1.83461	-1.45345	1.42838	-0.23818	421.90300	164.75000	 
200901	6225012.00000	95.01800	14430.90100	8810.49000	3019.35800	98.15800	91.50700	91.41900	91.13700	732.00000	698.84889	-0.92585	-7.31368	-2.48206	-0.09807	405.35600	193.00000	 
200902	6253889.00000	94.85200	14381.23600	8810.80200	2858.35000	95.93900	93.70000	93.70500	93.72600	737.00000	747.66489	4.49855	-2.84468	2.56289	0.18200	412.86400	265.00000	 
200903	6236874.00000	94.95400	14448.88200	8904.30200	2876.52000	95.02000	94.27100	94.21000	94.50400	742.00000	765.84602	9.80296	4.81368	9.64902	0.16761	415.63400	244.00000	 
200904	6278623.00000	95.26700	14651.24800	8990.79400	3012.91100	94.82200	94.89800	94.83800	95.17200	747.00000	791.56201	0.08446	4.32431	6.51082	0.05735	427.24400	169.00000	 
201001	6232792.00000	95.52600	14764.61100	9080.73800	3059.24600	94.81700	94.27700	94.25300	94.49500	748.00000	851.84817	1.67938	5.52473	6.21094	0.06117	421.58600	235.25000	 
201002	6360188.00000	95.99200	14980.19300	9164.24400	3192.69600	95.71600	95.10900	95.19600	95.08800	742.00000	884.73094	-3.11813	0.87429	1.70540	-0.11006	423.26700	150.25000	 
201003	6422068.00000	96.28200	15141.60500	9248.33100	3288.91800	96.26000	95.59700	95.59500	95.25200	746.00000	899.41614	-1.59746	3.40953	1.53868	0.11889	428.65300	220.25000	 
201004	6473260.00000	96.84600	15309.47100	9351.86200	3316.88100	96.59400	96.06000	96.11000	95.48600	750.00000	904.61312	2.38112	4.09266	4.64614	0.11571	438.33200	159.25000	 
201101	6577229.00000	97.34600	15351.44400	9470.26800	3293.88900	96.73100	97.75100	97.90300	97.85300	750.00000	779.90114	-2.37953	-0.29070	0.43745	0.06267	444.02700	190.75000	 
201102	6607923.00000	97.98900	15557.53500	9590.11500	3380.25500	97.62500	97.12000	97.20800	97.07400	754.00000	760.50919	-1.87445	-2.19465	-2.25154	-0.00553	449.13800	177.75000	 
201103	6681466.00000	98.59500	15647.68100	9664.27300	3413.59500	97.98600	97.81100	97.91700	97.46400	760.00000	748.99356	-1.16451	0.97787	0.84133	-0.15816	453.01600	262.75000	 
201104	6637136.00000	98.71400	15842.26700	9696.77700	3616.50400	98.71800	96.55800	96.60400	96.30400	760.00000	736.14530	-0.85430	-2.04176	-0.53199	0.11393	457.07300	269.75000	 
201201	6835817.00000	99.31300	16068.82400	9821.20900	3705.84300	99.49300	98.85600	98.92800	98.92800	764.00000	833.85994	2.14968	3.49425	2.15188	0.12599	456.86500	208.00000	 
201202	6875249.00000	99.71300	16207.13000	9871.49800	3770.42000	99.72600	99.33600	99.40700	99.76100	772.00000	826.87162	3.95612	4.66538	4.47039	-0.03649	458.50700	201.00000	 
201203	6905303.00000	100.23000	16319.54000	9917.72000	3785.79200	100.12500	99.53400	99.51400	99.61200	766.00000	807.09719	-0.12230	-0.94486	1.62131	0.06481	461.58700	299.00000	 
201204	7093578.00000	100.73800	16420.38600	10002.14200	3801.84300	100.65200	102.26200	102.13600	101.69100	771.00000	797.10346	-2.32934	-2.26017	-2.91720	0.00396	465.14600	175.00000	 
201301	7043015.00000	101.14100	16629.05000	10076.83300	3927.00300	101.06000	100.88800	100.64600	101.45900	768.00000	687.21681	-1.09668	0.04379	1.03095	0.10420	474.19000	260.00000	 
201302	7102095.00000	101.42800	16699.55100	10105.51900	3960.73000	101.46000	101.59200	101.38000	101.89800	777.00000	688.18874	0.29034	0.97570	1.46331	0.02175	478.28600	155.00000	 
201303	7112004.00000	101.90600	16911.06800	10190.24100	4068.94100	102.05100	101.23300	101.10200	101.49900	779.00000	682.37571	-0.49678	-0.25729	0.56595	0.06473	484.78700	229.00000	 
201304	7195597.00000	102.51500	17133.11400	10323.86600	4105.03200	102.40100	101.89100	101.78800	101.98400	782.00000	682.49972	1.22858	0.27343	-0.21202	0.09616	488.62400	190.00000	 
201401	7357427.00000	102.94200	17144.28100	10414.59000	4102.73400	102.89600	103.95700	103.77300	104.83800	790.00000	666.85183	2.08640	1.72808	2.46719	0.01961	488.95100	146.00000	 
201402	7408199.00000	103.52500	17462.70300	10545.26100	4269.85000	103.63000	103.40900	103.30700	104.21500	781.00000	658.23753	-2.31309	-3.43149	-1.48074	0.05093	495.69200	142.00000	 
201403	7501956.00000	103.97700	17743.22700	10678.66500	4363.25300	104.34300	103.87800	103.97000	104.53000	798.00000	666.50872	3.38695	5.67558	4.08814	-0.00570	502.45100	167.00000	 
201404	7633299.00000	104.15000	17852.54000	10784.08200	4409.17900	105.54600	104.87800	105.06100	105.11000	795.00000	662.30235	2.19405	2.47234	3.11306	0.04030	516.21900	92.00000	 
201501	7744952.00000	104.11300	17991.34800	10800.08000	4528.87300	105.68100	106.18600	106.43600	107.52000	802.00000	656.37621	-1.65592	-0.24564	-1.25934	0.01625	515.90600	   NaN	 
201502	7830209.00000	104.67700	18193.70700	10915.08000	4555.45200	106.16600	107.13400	107.30400	108.27500	803.00000	663.07464	3.27887	1.71395	2.25487	-0.00015	519.80300	   NaN	 
201503	7898210.00000	104.98900	18306.96000	11029.25900	4570.16300	106.54700	107.42700	107.63300	108.49400	809.00000	655.67047	1.43490	0.26575	0.84128	-0.08109	526.64600	   NaN	 
201504	7953338.00000	104.97900	18332.07900	11079.06500	4524.57600	107.07700	107.35500	107.59200	108.43200	821.00000	649.22568	-0.64030	-0.96334	1.05127	0.05387	532.12300	   NaN	 
201601	7982782.00000	104.89500	18425.30600	11166.37200	4503.09200	107.43700	107.42700	107.66200	108.48500	823.00000	646.29732	-4.15083	-3.50424	-3.25825	0.00971	537.18000	   NaN	 
201602	8032085.00000	105.63600	18611.61700	11301.46100	4514.43600	107.85400	107.61200	107.94500	109.11900	828.00000	   NaN	2.83649	1.91886	1.04049	0.02943	550.56800	   NaN	 
201603	8112155.00000	105.92900	18775.45900	11404.35100	4540.43700	108.18000	108.08900	108.40200	109.82500	834.00000	   NaN	-3.03236	-3.68025	-1.98927	0.04555	555.01400	   NaN	 
201604	8206930.00000	106.48700	18968.04100	11520.10300	4642.95700	108.31000	109.57500	109.55500	111.37500	845.00000	   NaN	1.28503	1.70238	1.63188	0.03927	559.68300	   NaN	 
201701	8310647.00000	107.02500	19153.91200	11675.78800	4654.13200	108.75400	110.47500	110.62200	112.63300	858.00000	   NaN	0.91330	1.02703	1.92628	0.05844	567.38600	   NaN	 
201702	8397707.00000	107.36900	19322.92000	11767.40300	4734.36100	109.64200	110.97300	111.16900	112.92600	863.00000	   NaN	1.95405	0.90798	1.57066	0.02892	567.53800	   NaN	 
201703	8497925.00000	107.90300	19558.69300	11870.41100	4811.03600	109.76600	112.46600	112.56600	113.96200	864.00000	   NaN	-0.52403	0.62578	0.71599	0.04662	578.02300	   NaN	 
201704	8642032.00000	108.67000	19882.96500	12056.30700	4912.57400	110.52800	113.98800	114.18800	115.25500	854.00000	   NaN	1.24605	0.79213	1.83940	0.06072	588.67900	   NaN	 
201801	8776672.00000	109.26100	20143.71600	12218.07700	5000.19400	111.14800	114.81300	114.90400	116.68500	875.00000	   NaN	-0.14182	0.53742	-0.44401	-0.00950	604.33300	   NaN	 
201802	8845022.00000	110.23400	20492.49200	12393.51400	5074.47000	111.81200	115.14600	115.19700	116.84400	881.00000	   NaN	-0.12397	1.32356	2.60170	0.03857	621.79800	   NaN	 
201803	8942224.00000	110.59700	20659.10200	12524.34700	5157.81100	112.06600	116.45900	116.66600	118.29000	891.00000	   NaN	-0.43735	0.27931	0.61460	0.06517	627.93700	   NaN	 
201804	8990047.00000	111.17500	20813.32500	12641.51600	5195.34000	112.32600	117.01700	117.20900	119.25200	897.00000	   NaN	2.00861	0.56744	1.05079	-0.14381	643.58200	   NaN	 
201901	9211507.00000	111.51400	21001.59100	12682.26100	5275.22400	112.31500	119.71100	119.85700	121.50100	899.00000	 NaN     	0.21200	-1.37215	-0.20884	 NaN     	659.20700	 NaN     	 
201902	9273607.00000	112.15200	21289.26800	12866.49000	5352.19400	112.28300	119.95100	120.08400	122.02400	913.00000	 NaN     	4.89991	3.44480	3.64830	 NaN     	673.54700	 NaN     	 
201903	9352946.00000	112.51700	21505.01200	12998.04600	5389.62600	112.80700	120.00700	120.19300	122.33900	922.00000	 NaN     	3.77841	1.04702	2.60141	 NaN     	681.84000	 NaN     	 
201904	 NaN     	112.97800	21694.45800	13114.76500	5341.12600	112.92600	121.52000	121.73600	123.71400	934.00000	 NaN     	 NaN     	 NaN     	 NaN     	 NaN     	688.44200	 NaN     	 
202001	 NaN     	113.34600	21481.36700	12954.18200	5237.26800	111.47900	124.05400	124.30600	125.93800	951.00000	 NaN     	 NaN     	 NaN     	 NaN     	 NaN     	697.40500	 NaN     	 
202002	 NaN     	112.85900	19477.44400	11521.47600	4635.24000	96.97700	130.06100	130.53400	132.82000	1008.00000	 NaN     	 NaN     	 NaN     	 NaN     	 NaN     	688.83400	 NaN     	 
202003	 NaN     	113.88800	21138.57400	12540.53700	5462.09400	104.76300	128.79800	128.95900	131.05700	996.00000	 NaN     	 NaN     	 NaN     	 NaN     	 NaN     	721.79300	 NaN     	 
202004	 NaN     	114.43900	21477.59700	12708.43200	5682.34300	107.09300	131.87000	132.24600	133.74100	982.00000	 NaN     	 NaN     	 NaN     	 NaN     	 NaN     	744.26300	 NaN     	 
202101	 NaN     	115.65200	22038.22600	13047.60400	5885.82400	108.69100	131.73600	132.05700	133.14800	983.00000	 NaN     	 NaN     	 NaN     	 NaN     	 NaN     	758.03900	 NaN     	 
202102	 NaN     	117.41300	22740.95900	13589.54600	6017.22200	110.04400	134.79200	135.00900	136.13800	996.00000	 NaN     	 NaN     	 NaN     	 NaN     	 NaN     	779.90200	 NaN     	 
202103	 NaN     	119.11500	23202.34400	13969.78800	6094.72100	111.70300	136.98900	137.07600	139.15800	1003.00000	 NaN     	 NaN     	 NaN     	 NaN     	 NaN     	796.63400	 NaN     	 
202104	 NaN     	121.18800	24002.81500	14254.47500	6586.90700	112.39200	140.51000	140.55100	142.46400	1008.00000	 NaN     	 NaN     	 NaN     	 NaN     	 NaN     	818.98900	 NaN     	 
202201	 NaN     	123.61500	24386.73400	14547.83000	6817.32800	113.86500	141.94600	142.06100	143.97900	1030.00000	 NaN     	 NaN     	 NaN     	 NaN     	 NaN     	839.95600	 NaN     	 
202202	 NaN     	126.31200	24882.87800	14889.99000	6771.48600	114.63300	144.05800	144.03900	146.03700	1045.00000	 NaN     	 NaN     	 NaN     	 NaN     	 NaN     	869.23200	 NaN     	 
